"Gitversion not working on teamcity - FAKE","KMittal","2017-04-05"
"F# with sqlclr in a reasonably safe way and scripted assembly","Joe","2017-04-04"
"F# Async File Copy","user1443098","2017-04-04"
"Could not load file or assembly Newtonsoft.Json, Version=6.0.0.0","Max","2017-04-04"
"FSharp: Multiple Values with the same name","rbonallo","2017-04-04"
"How do I properly use types in an F# type provider?","Tomas Jansson","2017-04-04"
"F# JsonValue example doesn't work","user1443098","2017-04-04"
"Using CreateCSharpAssemblyInfo throws an error : FAKE- F#MAKE","john fernandes","2017-04-03"
"Why does VB.NET throw OverflowException by default? [on hold]","MiP","2017-04-03"
"F# Where is JsonValue AsArray?","user1443098","2017-04-03"
"When will I use camelCase in F# when exporting to other .NET languages?","MiP","2017-04-03"
"Is createResponse supported in Mono's System.Net.Http?","Martimatix","2017-04-03"
"Adding member constraint to an inlined function's paramater causes FS0752 on array accessor","François-David Collin","2017-03-27"
"How can run a Python script from an Fsharp module","user6500904","2016-11-23"
"F# Performance Impact of Checked Calcs?","Talmage","2017-03-30"
"conditional compilation in F#: something like #elif","Oleg Leonov","2017-04-01"
"Referencing F# code in android project","Kasper Lederballe Sørensen","2017-03-08"
"How to write a Task.ContinueWith within an Async computation expression","Scott Nimrod","2017-03-31"
"F# instead of multiple lets , can I pipe the intermediate results","user1443098","2017-03-31"
"How to execute powershell script from FAKE - F#MAKE","john fernandes","2017-03-31"
"F#, implement fold3, fold4, fold_n","CH Ben","2017-03-30"
"Can SqlDataConnection Type Provider modify data in Oracle DB?","Kevin Avignon","2017-03-29"
"Combination monads in F#","Beau Trepp","2016-06-16"
"alternative to typeclasses?","ahmed ansari","2010-09-08"
"how to copy Folders - FAKE F#MAKE","john fernandes","2017-03-30"
"How to write a named pipe server using f# to server many clients?","wang kai","2017-01-06"
"I can't figure out this F# error message","Soldalma","2017-03-30"
"Equivalent to Array.scan |> Array.skip 1, but without creating intermediate array?","rmunn","2017-03-30"
"Finding algorithm to seek argument to satisfy given function's return","user2431438","2013-10-09"
"How to split a sequence in F# based on another sequence in an idiomatic way","user7787630","2017-03-29"
